Name,Gender,Age,ID
Alice,Female,28,1001
Bob,Male,32,1002
Charlie,Male,25,
Diana,Female,29,1004
Eve, ,31,1005
Frank,Male,27,1006
Alice,Female,28,1001
Bob,Male,32,1002
Charlie,Male,25,
Diana,Female,29,1004
Eve, ,31,1005
Frank,Male,27,1006
Alice,Female,28,1001
Bob,Male,32,1002
Charlie,Male,25,
Diana,Female,29,1004
Eve, ,31,1005
Frank,Male,27,1006
Alice,Female,28,1001
Bob,Male,32,1002
Charlie,Male,25,
Diana,Female,29,1004
Eve, ,31,1005
Frank,Male,27,1006
Alice,Female,28,1001
Bob,Male,32,1002
Charlie,Male,25,
Diana,Female,29,1004
Eve, ,31,1005
Frank,Male,27,1006
Frank,Male,27,1006
Alice,Female,28,1001
Bob,Male,32,1002
Charlie,Male,25,
Diana,Female,29,1004
Eve, ,31,1005
Frank,Male,27,1006
Alice,Female,28,1001
Bob,Male,32,1002
Charlie,Male,25,
Diana,Female,29,1004
Eve, ,31,1005
Frank,Male,27,1006
Alice,Female,28,1001
Bob,Male,32,1002
Charlie,Male,25,
Diana,Female,29,1004
Eve, ,31,1005
Frank,Male,27,1006
